{"learner":{"attributes":{},"feature_names":[],"feature_types":[],"gradient_booster":{"gbtree":{"model":{"gbtree_model_param":{"num_parallel_tree":"1","num_trees":"10"},"iteration_indptr":[0,1,2,3,4,5,6,7,8,9,10],"tree_info":[0,0,0,0,0,0,0,0,0,0],"trees":[{"base_weights":[6.7532375E-5,-3.1826895E-2,3.1020495E-1,-8.424892E-2,-1.6311094E-2,2.717999E-1,6.2108107E-2,-1.8011522E-2,-1.0502034E-2,5.182721E-4,-4.469084E-2,2.9087454E-1,1.4618486E-2,-9.095833E-3,1.4932373E-3,-8.210621E-4,5.708181E-3,-4.71825E-2,1.5168935E-2,6.1478135E-3,2.951488E-1,-1.4307688E-3,-6.1535932E-2,2.5045244E-2,3.440286E-1,-3.8700497E-3,-1.0175914E-2,3.6747232E-2,2.6166882E-2],"categories":[],"categories_nodes":[],"categories_segments":[],"categories_sizes":[],"default_left":[0,0,0,0,0,0,0,0,0,0,0,0,0,0,0,0,0,0,0,0,0,0,0,0,0,0,0,0,0],"id":0,"left_children":[1,3,5,7,9,11,-1,13,-1,15,17,19,-1,-1,-1,-1,-1,21,-1,-1,23,-1,25,-1,27,-1,-1,-1,-1],"loss_changes":[1.5328108E2,1.1428658E1,2.0681519E1,6.636114E0,5.1782823E0,2.7753906E0,0E0,2.9021673E0,0E0,4.0438547E0,2.1266384E0,1.0669708E0,0E0,0E0,0E0,0E0,0E0,1.8007679E0,0E0,0E0,1.0604782E0,0E0,2.6180687E0,0E0,1.0680199E0,0E0,0E0,0E0,0E0],"parents":[2147483647,0,0,1,1,2,2,3,3,4,4,5,5,7,7,9,9,10,10,11,11,17,17,20,20,22,22,24,24],"right_children":[2,4,6,8,10,12,-1,14,-1,16,18,20,-1,-1,-1,-1,-1,22,-1,-1,24,-1,26,-1,28,-1,-1,-1,-1],"split_conditions":[3.0916908E-1,6.419094E-2,7.6688164E-1,1.1764706E-1,9.592004E-3,1E0,6.2108107E-2,4.029147E-2,-1.0502034E-2,3.0650604E-3,7.3499036E-1,7.3442566E-3,1.4618486E-2,-9.095833E-3,1.4932373E-3,-8.210621E-4,5.708181E-3,1.1764706E-1,1.5168935E-2,6.1478135E-3,6.4705884E-1,-1.4307688E-3,4.029147E-2,2.5045244E-2,4.6153846E-1,-3.8700497E-3,-1.0175914E-2,3.6747232E-2,2.6166882E-2],"split_indices":[0,0,0,12,2,13,0,1,0,2,2,2,0,0,0,0,0,12,0,0,12,0,1,0,10,0,0,0,0],"split_type":[0,0,0,0,0,0,0,0,0,0,0,0,0,0,0,0,0,0,0,0,0,0,0,0,0,0,0,0,0],"sum_hessian":[1.5496E4,1.4051E4,1.445E3,3.209E3,1.0842E4,1.31E3,1.35E2,1.028E3,2.181E3,6.806E3,4.036E3,1.118E3,1.92E2,3.04E2,7.24E2,5.901E3,9.05E2,3.989E3,4.7E1,2.1E1,1.097E3,1.25E3,2.739E3,7.81E2,3.16E2,1.989E3,7.5E2,1.53E2,1.63E2],"tree_param":{"num_deleted":"0","num_feature":"16","num_nodes":"29","size_leaf_vector":"1"}},{"base_weights":[8.3326304E-5,-2.8581845E-2,2.8256556E-1,-7.713502E-2,-1.415533E-2,2.4746642E-1,5.657425E-2,-1.8426502E-2,-9.553496E-3,7.592873E-4,-3.9942145E-2,2.638353E-1,1.3336137E-2,-8.2444595E-3,1.3231849E-3,-7.3317013E-4,5.2362722E-3,-4.2794395E-2,1.1294996E-2,5.4010316E-3,2.681415E-1,-1.2337005E-3,-5.657939E-2,1.7608343E-2,2.550911E-2,-3.5172412E-3,-9.668804E-3],"categories":[],"categories_nodes":[],"categories_segments":[],"categories_sizes":[],"default_left":[0,0,0,0,0,0,0,0,0,0,0,0,0,0,0,0,0,0,0,0,0,0,0,0,0,0,0],"id":1,"left_children":[1,3,5,7,9,11,-1,13,-1,15,17,19,-1,-1,-1,-1,-1,21,-1,-1,23,-1,25,-1,-1,-1,-1],"loss_changes":[1.2568786E2,9.870785E0,1.7038422E1,5.28837E0,4.1783E0,2.139145E0,0E0,2.4767392E0,0E0,3.4492104E0,1.8636675E0,9.816513E-1,0E0,0E0,0E0,0E0,0E0,1.5766802E0,0E0,0E0,1.0036469E0,0E0,2.3678799E0,0E0,0E0,0E0,0E0],"parents":[2147483647,0,0,1,1,2,2,3,3,4,4,5,5,7,7,9,9,10,10,11,11,17,17,20,20,22,22],"right_children":[2,4,6,8,10,12,-1,14,-1,16,18,20,-1,-1,-1,-1,-1,22,-1,-1,24,-1,26,-1,-1,-1,-1],"split_conditions":[3.0916908E-1,6.419094E-2,7.6688164E-1,1.1764706E-1,9.592004E-3,1E0,5.657425E-2,4.029147E-2,-9.553496E-3,3.0650604E-3,2.9361337E-1,7.3442566E-3,1.3336137E-2,-8.2444595E-3,1.3231849E-3,-7.3317013E-4,5.2362722E-3,1.1764706E-1,1.1294996E-2,5.4010316E-3,1.4492754E-2,-1.2337005E-3,4.029147E-2,1.7608343E-2,2.550911E-2,-3.5172412E-3,-9.668804E-3],"split_indices":[0,0,0,12,2,13,0,1,0,2,1,2,0,0,0,0,0,12,0,0,11,0,1,0,0,0,0],"split_type":[0,0,0,0,0,0,0,0,0,0,0,0,0,0,0,0,0,0,0,0,0,0,0,0,0,0,0],"sum_hessian":[1.5522E4,1.4092E4,1.43E3,3.228E3,1.0864E4,1.296E3,1.34E2,1.04E3,2.188E3,6.883E3,3.981E3,1.115E3,1.81E2,3.26E2,7.14E2,5.958E3,9.25E2,3.913E3,6.8E1,2.3E1,1.092E3,1.254E3,2.659E3,1.55E2,9.37E2,1.955E3,7.04E2],"tree_param":{"num_deleted":"0","num_feature":"16","num_nodes":"27","size_leaf_vector":"1"}},{"base_weights":[-3.5624878E-4,-2.6351504E-2,2.5725636E-1,-7.000603E-2,-1.3228957E-2,2.2552058E-1,5.1371776E-2,-1.5220938E-2,-8.7012155E-3,5.153098E-4,-3.6556914E-2,2.1838544E-2,1.2226911E-2,-7.4962443E-3,1.2748227E-3,-6.667209E-4,4.7092433E-3,-3.793908E-2,2.3126911E-2,-1.1502508E-3,-4.9310442E-2,-3.1791315E-3,-8.644189E-2,-8.764406E-3,5.398581E-3],"categories":[],"categories_nodes":[],"categories_segments":[],"categories_sizes":[],"default_left":[0,0,0,0,0,0,0,0,0,0,0,0,0,0,0,0,0,0,0,0,0,0,0,0,0],"id":2,"left_children":[1,3,5,7,9,11,-1,13,-1,15,17,-1,-1,-1,-1,-1,-1,19,-1,-1,21,-1,23,-1,-1],"loss_changes":[1.03892685E2,8.072723E0,1.388031E1,4.579273E0,3.4739792E0,1.713417E0,0E0,2.041391E0,0E0,2.7422051E0,1.614769E0,0E0,0E0,0E0,0E0,0E0,0E0,1.1498475E0,0E0,0E0,1.4701767E0,0E0,1.1124992E0,0E0,0E0],"parents":[2147483647,0,0,1,1,2,2,3,3,4,4,5,5,7,7,9,9,10,10,17,17,20,20,22,22],"right_children":[2,4,6,8,10,12,-1,14,-1,16,18,-1,-1,-1,-1,-1,-1,20,-1,-1,22,-1,24,-1,-1],"split_conditions":[3.0916908E-1,6.419094E-2,7.6688164E-1,1.1764706E-1,9.592004E-3,1E0,5.1371776E-2,4.029147E-2,-8.7012155E-3,3.0650604E-3,4.3891984E-1,2.1838544E-2,1.2226911E-2,-7.4962443E-3,1.2748227E-3,-6.667209E-4,4.7092433E-3,1.1764706E-1,2.3126911E-2,-1.1502508E-3,4.029147E-2,-3.1791315E-3,2.9361337E-1,-8.764406E-3,5.398581E-3],"split_indices":[0,0,0,12,2,13,0,1,0,2,1,0,0,0,0,0,0,12,0,0,1,0,1,0,0],"split_type":[0,0,0,0,0,0,0,0,0,0,0,0,0,0,0,0,0,0,0,0,0,0,0,0,0],"sum_hessian":[1.5514E4,1.4092E4,1.422E3,3.257E3,1.0835E4,1.289E3,1.33E2,1.039E3,2.218E3,6.818E3,4.017E3,1.111E3,1.78E2,3.15E2,7.24E2,5.913E3,9.05E2,3.998E3,1.9E1,1.24E3,2.758E3,1.989E3,7.69E2,7.2E2,4.9E1],"tree_param":{"num_deleted":"0","num_feature":"16","num_nodes":"25","size_leaf_vector":"1"}},{"base_weights":[-1.4342878E-4,2.4536574E-2,-3.9118975E-2,-4.4214814E-3,2.0784084E-1,-2.6665392E-4,-5.689432E-2,-1.0845632E-2,4.244714E-3,1.8951844E-1,2.608823E-1,-2.9188038E-3,-7.9976596E-2,4.058444E-3,-7.584162E-3,2.0207854E-2,1.4241065E-2,2.909299E-2,1.8644273E-2,-8.649982E-2,9.855258E-3,-2.1267848E-4,3.3966355E-2,-9.069164E-3,-4.191397E-3,1.3124703E-3,1.7462403E-1,2.464648E-2,-1.8502383E-3],"categories":[],"categories_nodes":[],"categories_segments":[],"categories_sizes":[],"default_left":[0,0,0,0,0,0,0,0,0,0,0,0,0,0,0,0,0,0,0,0,0,0,0,0,0,0,0,0,0],"id":3,"left_children":[1,3,5,7,9,-1,11,13,-1,15,17,-1,19,21,-1,-1,-1,-1,-1,23,-1,-1,25,-1,-1,-1,27,-1,-1],"loss_changes":[1.4935679E1,5.046444E1,3.8722954E0,2.694707E0,1.2604866E0,0E0,2.3111448E0,7.8849807E0,0E0,1.0372353E0,1.0979462E0,0E0,2.5688982E0,1.1574619E0,0E0,0E0,0E0,0E0,0E0,1.0794258E0,0E0,0E0,2.9292169E0,0E0,0E0,0E0,2.4423969E0,0E0,0E0],"parents":[2147483647,0,0,1,1,2,2,3,3,4,4,6,6,7,7,9,9,10,10,12,12,13,13,19,19,22,22,26,26],"right_children":[2,4,6,8,10,-1,12,14,-1,16,18,-1,20,22,-1,-1,-1,-1,-1,24,-1,-1,26,-1,-1,-1,28,-1,-1],"split_conditions":[2.0013924E-1,7.3932405E-3,1.1764706E-1,6.6034463E-3,6.4705884E-1,-2.6665392E-4,4.029147E-2,3.0650604E-3,4.244714E-3,1.5384616E-1,4.6153846E-1,-2.9188038E-3,7.3499036E-1,1E0,-7.584162E-3,2.0207854E-2,1.4241065E-2,2.909299E-2,1.8644273E-2,3.5714287E-1,9.855258E-3,-2.1267848E-4,1E0,-9.069164E-3,-4.191397E-3,1.3124703E-3,2.1299664E-3,2.464648E-2,-1.8502383E-3],"split_indices":[2,2,12,2,12,0,1,2,0,10,10,0,2,7,0,0,0,0,0,15,0,0,14,0,0,0,2,0,0],"split_type":[0,0,0,0,0,0,0,0,0,0,0,0,0,0,0,0,0,0,0,0,0,0,0,0,0,0,0,0,0],"sum_hessian":[1.5527E4,9.507E3,6.02E3,8.21E3,1.297E3,1.983E3,4.037E3,7.293E3,9.17E2,9.64E2,3.33E2,1.946E3,2.091E3,6.05E3,1.243E3,4.84E2,4.8E2,1.62E2,1.71E2,2.021E3,7E1,4.984E3,1.066E3,1.523E3,4.98E2,9.36E2,1.3E2,8.7E1,4.3E1],"tree_param":{"num_deleted":"0","num_feature":"16","num_nodes":"29",