{"learner":{"attributes":{},"feature_names":[],"feature_types":[],"gradient_booster":{"model":{"gbtree_model_param":{"num_parallel_tree":"1","num_trees":"10"},"iteration_indptr":[0,1,2,3,4,5,6,7,8,9,10],"tree_info":[0,0,0,0,0,0,0,0,0,0],"trees":[{"base_weights":[-1.1069162E-2,-5.077611E-4,4.498662E-3],"categories":[],"categories_nodes":[],"categories_segments":[],"categories_sizes":[],"default_left":[0,0,0],"id":0,"left_children":[1,-1,-1],"loss_changes":[7.0401943E3,0E0,0E0],"parents":[2147483647,0,0],"right_children":[2,-1,-1],"split_conditions":[3.018127E0,-5.077611E-4,4.498662E-3],"split_indices":[5,0,0],"split_type":[0,0,0],"sum_hessian":[3.788E3,3.413E3,3.75E2],"tree_param":{"num_deleted":"0","num_feature":"14","num_nodes":"3","size_leaf_vector":"1"}},{"base_weights":[6.333265E-2,-5.227632E-3,7.1758366E-1,2.051383E0,-6.0756344E-1,4.9089966E-3,1.467573E0,-6.3254596E-3,6.577625E-1,-2.7070075E-1,3.3387463E0,3.8936166E-3,-5.835372E-1,5.4530083E-6,-5.891173E-4,4.863738E-3,1.9524236E-3,-5.2473466E-3,1.7779252E-3],"categories":[],"categories_nodes":[],"categories_segments":[],"categories_sizes":[],"default_left":[0,0,0,0,0,0,0,0,0,0,0,0,0,0,0,0,0,0,0],"id":1,"left_children":[1,-1,3,5,7,-1,9,-1,11,13,15,-1,17,-1,-1,-1,-1,-1,-1],"loss_changes":[1.2130695E4,0E0,5.9758555E3,2.3850132E3,1.107293E4,0E0,4.4170547E3,0E0,4.889919E3,5.1710255E1,1.117019E3,0E0,8.825907E3,0E0,0E0,0E0,0E0,0E0,0E0],"parents":[2147483647,0,0,2,2,3,3,4,4,6,6,8,8,9,9,10,10,12,12],"right_children":[2,-1,4,6,8,-1,10,-1,12,14,16,-1,18,-1,-1,-1,-1,-1,-1],"split_conditions":[-6.4243925E-1,-5.227632E-3,-3.8401E-1,-6.1894566E-1,-3.6051643E-1,4.9089966E-3,-4.7798425E-1,-6.3254596E-3,7.906684E-1,-5.7195854E-1,-4.3099713E-1,3.8936166E-3,1.1665655E0,5.4530083E-6,-5.891173E-4,4.863738E-3,1.9524236E-3,-5.2473466E-3,1.7779252E-3],"split_indices":[3,0,3,3,3,0,3,0,3,3,3,0,3,0,0,0,0,0,0],"split_type":[0,0,0,0,0,0,0,0,0,0,0,0,0,0,0,0,0,0,0],"sum_hessian":[3.839E3,4.58E2,3.381E3,1.685E3,1.696E3,3.27E2,1.358E3,3.34E2,1.362E3,7.04E2,6.54E2,4.09E2,9.53E2,3.46E2,3.58E2,3.84E2,2.7E2,3.28E2,6.25E2],"tree_param":{"num_deleted":"0","num_feature":"14","num_nodes":"19","size_leaf_vector":"1"}},{"base_weights":[-2.4391161E-1,-1.0522138E-3,2.9111993E-3],"categories":[],"categories_nodes":[],"categories_segments":[],"categories_sizes":[],"default_left":[0,0,0],"id":2,"left_children":[1,-1,-1],"loss_changes":[7.8237227E3,0E0,0E0],"parents":[2147483647,0,0],"right_children":[2,-1,-1],"split_conditions":[2.01359E0,-1.0522138E-3,2.9111993E-3],"split_indices":[6,0,0],"split_type":[0,0,0],"sum_hessian":[3.773E3,3.026E3,7.47E2],"tree_param":{"num_deleted":"0","num_feature":"14","num_nodes":"3","size_leaf_vector":"1"}},{"base_weights":[-1.4901158E-1,-7.922688E-4,5.9034955E-3],"categories":[],"categories_nodes":[],"categories_segments":[],"categories_sizes":[],"default_left":[0,0,0],"id":3,"left_children":[1,-1,-1],"loss_changes":[1.2562725E4,0E0,0E0],"parents":[2147483647,0,0],"right_children":[2,-1,-1],"split_conditions":[3.018127E0,-7.922688E-4,5.9034955E-3],"split_indices":[5,0,0],"split_type":[0,0,0],"sum_hessian":[3.961E3,3.589E3,3.72E2],"tree_param":{"num_deleted":"0","num_feature":"14","num_nodes":"3","size_leaf_vector":"1"}},{"base_weights":[1.16749115E-1,-1.0727481E-1,2.7991207E-3,-7.809989E-3,-4.7564958E-5],"categories":[],"categories_nodes":[],"categories_segments":[],"categories_sizes":[],"default_left":[0,0,0,0,0],"id":4,"left_children":[1,3,-1,-1,-1],"loss_changes":[2.1114395E3,1.5884639E3,0E0,0E0,0E0],"parents":[2147483647,0,0,1,1],"right_children":[2,4,-1,-1,-1],"split_conditions":[3.0165868E0,-2.7466568E-1,2.7991207E-3,-7.809989E-3,-4.7564958E-5],"split_indices":[1,1,0,0,0],"split_type":[0,0,0,0,0],"sum_hessian":[3.87E3,3.544E3,3.26E2,3.2E1,3.512E3],"tree_param":{"num_deleted":"0","num_feature":"14","num_nodes":"5","size_leaf_vector":"1"}},{"base_weights":[-1.09369636E-1,-1.0619193E0,1.129727E0,5.667538E-1,-2.5073168E0,4.887829E-3,2.4355358E-1,-9.4791794E-1,3.5755128E-2,-5.2936072E-3,-1.1837939E-3,-4.9372604E-3,1.218132E0,2.10731E-4,-1.800395E-3,3.326689E-3,3.4555575E-1,7.7620425E-5,6.7956024E-4],"categories":[],"categories_nodes":[],"categories_segments":[],"categories_sizes":[],"default_left":[0,0,0,0,0,0,0,0,0,0,0,0,0,0,0,0,0,0,0],"id":5,"left_children":[1,3,5,7,9,-1,11,13,-1,-1,-1,-1,15,-1,-1,-1,17,-1,-1],"loss_changes":[4.6220586E3,5.2119385E3,5.0177754E3,5.0510043E4,3.88473E3,0E0,6.215422E3,7.860375E2,0E0,0E0,0E0,0E0,1.7658925E3,0E0,0E0,0E0,5.670202E1,0E0,0E0],"parents":[2147483647,0,0,1,1,2,2,3,3,4,4,6,6,7,7,12,12,16,16],"right_children":[2,4,6,8,10,-1,12,14,-1,-1,-1,-1,16,-1,-1,-1,18,-1,-1],"split_conditions":[-4.1306183E-2,-5.149365E-1,-3.1640258E-2,-7.5658464E-1,-2.732884E-1,4.887829E-3,9.3495226E-1,-9.982328E-1,3.5755128E-2,-5.2936072E-3,-1.1837939E-3,-4.9372604E-3,1.1766003E0,2.10731E-4,-1.800395E-3,3.326689E-3,2.143193E0,7.7620425E-5,6.7956024E-4],"split_indices":[8,8,8,8,8,0,8,8,0,0,0,0,8,0,0,0,8,0,0],"split_type":[0,0,0,0,0,0,0,0,0,0,0,0,0,0,0,0,0,0,0],"sum_hessian":[3.916E3,2.214E3,1.702E3,1.041E3,1.173E3,3.58E2,1.344E3,9.94E2,4.7E1,4.47E2,7.26E2,2.29E2,1.115E3,3.76E2,6.18E2,3.62E2,7.53E2,3.76E2,3.77E2],"tree_param":{"num_deleted":"0","num_feature":"14","num_nodes":"19","size_leaf_vector":"1"}},{"base_weights":[-1.0666839E-1,1.2006363E0,-7.142471E-1,1.3737148E-3,1.1824543E-3,-2.332453E0,1.134937E0,-1.286777E0,-6.7646024E-3,4.2807183E0,-1.3434122E0,-1.5779202E0,-7.9428736E-4,4.0645953E-4,9.336593E-3,-3.929167E-3,6.558139E-4,-1.21695E-3,-2.1807298E-3],"categories":[],"categories_nodes":[],"categories_segments":[],"categories_sizes":[],"default_left":[0,0,0,0,0,0,0,0,0,0,0,0,0,0,0,0,0,0,0],"id":6,"left_children":[1,3,5,-1,-1,7,9,11,-1,13,15,17,-1,-1,-1,-1,-1,-1,-1],"loss_changes":[3.0040054E3,7.6204834E0,7.726279E3,0E0,0E0,5.52244E3,9.394603E3,1.7721265E2,0E0,8.787018E3,2.929812E3,1.3703772E2,0E0,0E0,0E0,0E0,0E0,0E0,0E0],"parents":[2147483647,0,0,1,1,2,2,5,5,6,6,7,7,9,9,10,10,11,11],"right_children":[2,4,6,-1,-1,8,10,12,-1,14,16,18,-1,-1,-1,-1,-1,-1,-1],"split_conditions":[-7.4749666E-1,-9.2772573E-1,6.4927834E-1,1.3737148E-3,1.1824543E-3,1.536485E-1,1.3251373E0,-2.658054E-2,-6.7646024E-3,8.7456465E-1,1.9559388E0,-2.0680958E-1,-7.9428736E-4,4.0645953E-4,9.336593E-3,-3.929167E-3,6.558139E-4,-1.21695E-3,-2.1807298E-3],"split_indices":[10,10,10,0,0,10,10,10,0,10,10,10,0,0,0,0,0,0,0],"split_type":[0,0,0,0,0,0,0,0,0,0,0,0,0,0,0,0,0,0,0],"sum_hessian":[3.782E3,1.2E3,2.582E3,8.43E2,3.57E2,1.377E3,1.205E3,1.082E3,2.95E2,5.31E2,6.74E2,7.13E2,3.69E2,2.76E2,2.55E2,3.13E2,3.61E2,3.33E2,3.8E2],"tree_param":{"num_deleted":"0","num_feature":"14","num_nodes":"19","size_leaf_vector":"1"}},{"base_weights":[2.1601135E-1,-1.2237554E0,2.0082223E0,8.8410586E-1,-3.0688252E0,5.798435E-3,1.039871E0,-9.9731094E-1,3.727157E-2,-5.553069E-3,-1.932839E-3,-5.1101893E-3,2.1899812E0,1.0468614E-3,-2.5146923E-3,4.1802367E-3,1.372667E0,2.2543594E-3,7.6469604E-4],"categories":[],"categories_nodes":[],"categories_segments":[],"categories_sizes":[],"default_left":[0,0,0,0,0,0,0,0,0,0,0,0,0,0,0,0,0,0,0],"id":7,"left_children":[1,3,5,7,9,-1,11,13,-1,-1,-1,-1,15,-1,-1,-1,17,-1,-1],"loss_changes":[1.000924E4,8.36557E3,5.4861436E3,6.2522285E4,2.9885996E3,0E0,8.743969E3,2.4021692E3,0E0,0E0,0E0,0E0,1.4709868E3,0E0,0E0,0E0,3.4034753E2,0E0,0E0],"parents":[2147483647,0,0,1,1,2,2,3,3,4,4,6,6,7,7,12,12,16,16],"right_children":[2,4,6,8,10,-1,12,14,-1,-1,-1,-1,16,-1,-1,-1,18,-1,-1],"split_conditions":[-4.1306183E-2,-5.149365E-1,-3.1640258E-2,-7.5658464E-1,-2.732884E-1,5.798435E-3,9.3495226E-1,-9.982328E-1,3.727157E-2,-5.553069E-3,-1.932839E-3,-5.1101893E-3,1.1766003E0,1.0468614E-3,-2.5146923E-3,4.1802367E-3,2.143193E0,2.2543594E-3,7.6469604E-4],"split_indices":[8,8,8,8,8,0,8,8,0,0,0,0,8,0,0,0,8,0,0],"split_type":[0,0,0,0,0,0,0,0,0,0,0,0,0,0,0,0,0,0,0],"sum_hessian":[3.879E3,2.151E3,1.728E3,1.004E3,1.147E3,3.94E2,1.334E3,9.5E2,5.4E1,4.54E2,6.93E2,2.24E2,1.11E3,3.79E2,5.71E2,3.72E2,7.38E2,3.67E2,3.71E2],"tree_param":{"num_deleted":"0",