{"learner":{"attributes":{},"feature_names":[],"feature_types":[],"gradient_booster":{"model":{"gbtree_model_param":{"num_parallel_tree":"1","num_trees":"10"},"iteration_indptr":[0,1,2,3,4,5,6,7,8,9,10],"tree_info":[0,0,0,0,0,0,0,0,0,0],"trees":[{"base_weights":[-0E0,-3.8820386E-2,3.0121493E-1,-1.2532394E-2,-2.6900938E-2,6.565852E-2,2.618903E-1,-3.3202864E-2,3.8410306E-3,2.7865982E-1,1.47897955E-2,-2.297937E-3,-5.1546344E-3,4.348812E-3,2.8345615E-1,2.5433918E-2,3.351676E-1,3.8010515E-2,2.662294E-2],"categories":[],"categories_nodes":[],"categories_segments":[],"categories_sizes":[],"default_left":[0,0,0,0,0,0,0,0,0,0,0,0,0,0,0,0,0,0,0],"id":0,"left_children":[1,3,5,-1,7,-1,9,11,-1,13,-1,-1,-1,-1,15,-1,17,-1,-1],"loss_changes":[1.3407468E2,1.0916195E1,1.9227608E1,0E0,3.7583084E0,0E0,2.1397858E0,1.5480165E0,0E0,1.1237411E0,0E0,0E0,0E0,0E0,1.0656204E0,0E0,9.522705E-1,0E0,0E0],"parents":[2147483647,0,0,1,1,2,2,4,4,6,6,7,7,9,9,14,14,16,16],"right_children":[2,4,6,-1,8,-1,10,12,-1,14,-1,-1,-1,-1,16,-1,18,-1,-1],"split_conditions":[3.003528E-1,5.224833E-2,1.0584848E-2,-1.2532394E-2,1.7326027E-1,6.565852E-2,1E0,4.7689285E-2,3.8410306E-3,3.6516085E-2,1.47897955E-2,-2.297937E-3,-5.1546344E-3,4.348812E-3,6.4705884E-1,2.5433918E-2,8.695652E-2,3.8010515E-2,2.662294E-2],"split_indices":[0,0,2,0,0,0,11,2,0,2,0,0,0,0,10,0,9,0,0],"split_type":[0,0,0,0,0,0,0,0,0,0,0,0,0,0,0,0,0,0,0],"sum_hessian":[1.1467E4,1.0158E4,1.309E3,1.184E3,8.974E3,1.24E2,1.185E3,8.198E3,7.76E2,1.027E3,1.58E2,5.545E3,2.653E3,2.1E1,1.006E3,7.12E2,2.94E2,1.52E2,1.42E2],"tree_param":{"num_deleted":"0","num_feature":"14","num_nodes":"19","size_leaf_vector":"1"}},{"base_weights":[-0E0,-3.464234E-2,2.7452818E-1,-1.1329952E-2,-2.4255136E-2,5.93628E-2,2.3662743E-1,-2.982451E-2,3.5152803E-3,2.5116625E-1,1.3431523E-2,-2.061048E-3,-4.6621487E-3,4.2153844E-3,2.4846386E-2],"categories":[],"categories_nodes":[],"categories_segments":[],"categories_sizes":[],"default_left":[0,0,0,0,0,0,0,0,0,0,0,0,0,0,0],"id":1,"left_children":[1,3,5,-1,7,-1,9,11,-1,13,-1,-1,-1,-1,-1],"loss_changes":[1.0932175E2,8.689086E0,1.6374794E1,0E0,3.051064E0,0E0,1.6210251E0,1.2920542E0,0E0,9.717636E-1,0E0,0E0,0E0,0E0,0E0],"parents":[2147483647,0,0,1,1,2,2,4,4,6,6,7,7,9,9],"right_children":[2,4,6,-1,8,-1,10,12,-1,14,-1,-1,-1,-1,-1],"split_conditions":[3.003528E-1,5.224833E-2,1.0584848E-2,-1.1329952E-2,1.7326027E-1,5.93628E-2,1E0,4.7689285E-2,3.5152803E-3,3.6516085E-2,1.3431523E-2,-2.061048E-3,-4.6621487E-3,4.2153844E-3,2.4846386E-2],"split_indices":[0,0,2,0,0,0,11,2,0,2,0,0,0,0,0],"split_type":[0,0,0,0,0,0,0,0,0,0,0,0,0,0,0],"sum_hessian":[1.1496E4,1.0208E4,1.288E3,1.146E3,9.062E3,1.3E2,1.158E3,8.299E3,7.63E2,1.008E3,1.5E2,5.64E3,2.659E3,2.3E1,9.85E2],"tree_param":{"num_deleted":"0","num_feature":"14","num_nodes":"15","size_leaf_vector":"1"}},{"base_weights":[8.2147133E-4,-3.1341292E-2,2.4557693E-1,-1.0198535E-2,-2.1970386E-2,2.1428254E-1,4.8759124E-1,-2.7101163E-2,3.123191E-3,1.8925492E-2,2.7060962E-1,5.328615E-2,1.9261664E-2,-1.7710408E-2,-3.9067846E-3,3.1971604E-2,2.051584E-2,-5.6125224E-4,-3.2487197E-3],"categories":[],"categories_nodes":[],"categories_segments":[],"categories_sizes":[],"default_left":[0,0,0,0,0,0,0,0,0,0,0,0,0,0,0,0,0,0,0],"id":2,"left_children":[1,3,5,-1,7,9,11,13,-1,-1,15,-1,-1,17,-1,-1,-1,-1,-1],"loss_changes":[9.075125E1,7.025399E0,1.0080635E1,0E0,2.510458E0,1.2519112E0,2.6470184E0,1.0140562E0,0E0,0E0,1.0046177E0,0E0,0E0,9.024055E-1,0E0,0E0,0E0,0E0,0E0],"parents":[2147483647,0,0,1,1,2,2,4,4,5,5,6,6,7,7,10,10,13,13],"right_children":[2,4,6,-1,8,10,12,14,-1,-1,16,-1,-1,18,-1,-1,-1,-1,-1],"split_conditions":[3.003528E-1,5.224833E-2,5.4470384E-1,-1.0198535E-2,1.7326027E-1,6.4705884E-1,3.529412E-1,3.5428572E-1,3.123191E-3,1.8925492E-2,8.695652E-2,5.328615E-2,1.9261664E-2,9.42029E-2,-3.9067846E-3,3.1971604E-2,2.051584E-2,-5.6125224E-4,-3.2487197E-3],"split_indices":[0,0,0,0,0,10,4,13,0,0,9,0,0,9,0,0,0,0,0],"split_type":[0,0,0,0,0,0,0,0,0,0,0,0,0,0,0,0,0,0,0],"sum_hessian":[1.1526E4,1.0187E4,1.339E3,1.148E3,9.039E3,1.186E3,1.53E2,8.258E3,7.81E2,8.84E2,3.02E2,1.26E2,2.7E1,4.82E3,3.438E3,1.51E2,1.51E2,2.746E3,2.074E3],"tree_param":{"num_deleted":"0","num_feature":"14","num_nodes":"19","size_leaf_vector":"1"}},{"base_weights":[-7.984639E-5,-2.8355137E-2,2.2259228E-1,-9.222588E-3,-1.9901415E-2,1.9334024E-1,4.3925196E-1,-2.378382E-3,2.8088416E-3,1.9949814E-2,1.02595985E-2,4.8409846E-2,1.7301926E-2],"categories":[],"categories_nodes":[],"categories_segments":[],"categories_sizes":[],"default_left":[0,0,0,0,0,0,0,0,0,0,0,0,0],"id":3,"left_children":[1,3,5,-1,7,9,11,-1,-1,-1,-1,-1,-1],"loss_changes":[7.298053E1,5.7860975E0,8.222534E0,0E0,2.0494635E0,1.1993752E0,2.3447075E0,0E0,0E0,0E0,0E0,0E0,0E0],"parents":[2147483647,0,0,1,1,2,2,4,4,5,5,6,6],"right_children":[2,4,6,-1,8,10,12,-1,-1,-1,-1,-1,-1],"split_conditions":[3.003528E-1,5.224833E-2,5.4470384E-1,-9.222588E-3,1.7326027E-1,1E0,3.529412E-1,-2.378382E-3,2.8088416E-3,1.9949814E-2,1.02595985E-2,4.8409846E-2,1.7301926E-2],"split_indices":[0,0,0,0,0,11,4,0,0,0,0,0,0],"split_type":[0,0,0,0,0,0,0,0,0,0,0,0,0],"sum_hessian":[1.1594E4,1.0288E4,1.306E3,1.157E3,9.131E3,1.151E3,1.55E2,8.347E3,7.84E2,1.01E3,1.41E2,1.26E2,2.9E1],"tree_param":{"num_deleted":"0","num_feature":"14","num_nodes":"13","size_leaf_vector":"1"}},{"base_weights":[-2.4834346E-5,-2.5487684E-2,2.006723E-1,-8.324483E-3,-1.776553E-2,4.357198E-2,1.7376025E-1,-8.892423E-3,-3.7478323E-3,1.7999269E-2,9.28233E-3,-1.5495531E-3,3.6631804E-3],"categories":[],"categories_nodes":[],"categories_segments":[],"categories_sizes":[],"default_left":[0,0,0,0,0,0,0,0,0,0,0,0,0],"id":4,"left_children":[1,3,5,-1,7,-1,9,11,-1,-1,-1,-1,-1],"loss_changes":[5.860034E1,4.7276483E0,8.567574E0,0E0,1.664511E0,0E0,1.0356216E0,2.0850246E0,0E0,0E0,0E0,0E0,0E0],"parents":[2147483647,0,0,1,1,2,2,4,4,6,6,7,7],"right_children":[2,4,6,-1,8,-1,10,12,-1,-1,-1,-1,-1],"split_conditions":[3.003528E-1,5.224833E-2,1.0584848E-2,-8.324483E-3,4.7689285E-2,4.357198E-2,1E0,1.5239664E-2,-3.7478323E-3,1.7999269E-2,9.28233E-3,-1.5495531E-3,3.6631804E-3],"split_indices":[0,0,2,0,2,0,11,2,0,0,0,0,0],"split_type":[0,0,0,0,0,0,0,0,0,0,0,0,0],"sum_hessian":[1.147E4,1.0179E4,1.291E3,1.155E3,9.024E3,1.26E2,1.165E3,6.332E3,2.692E3,1.013E3,1.52E2,5.5E3,8.32E2],"tree_param":{"num_deleted":"0","num_feature":"14","num_nodes":"13","size_leaf_vector":"1"}},{"base_weights":[1.19298E-4,-2.3292411E-2,1.7909679E-1,-7.533433E-3,-1.6317608E-2,3.952065E-2,1.5682428E-1,-8.283597E-3,-3.400916E-3,1.3574986E-2,2.0094017E-2,-1.4062678E-3,3.146327E-3],"categories":[],"categories_nodes":[],"categories_segments":[],"categories_sizes":[],"default_left":[0,0,0,0,0,0,0,0,0,0,0,0,0],"id":5,"left_children":[1,3,5,-1,7,-1,9,11,-1,-1,-1,-1,-1],"loss_changes":[4.857328E1,3.873567E0,6.760723E0,0E0,1.3618526E0,0E0,1.0117378E0,1.6029592E0,0E0,0E0,0E0,0E0,0E0],"parents":[2147483647,0,0,1,1,2,2,4,4,6,6,7,7],"right_children":[2,4,6,-1,8,-1,10,12,-1,-1,-1,-1,-1],"split_conditions":[3.003528E-1,5.224833E-2,1.0584848E-2,-7.533433E-3,4.7689285E-2,3.952065E-2,6.4705884E-1,1.5239664E-2,-3.400916E-3,1.3574986E-2,2.0094017E-2,-1.4062678E-3,3.146327E-3],"split_indices":[0,0,2,0,2,0,10,2,0,0,0,0,0],"split_type":[0,0,0,0,0,0,0,0,0,0,0,0,0],"sum_hessian":[1.1589E4,1.0248E4,1.341E3,1.165E3,9.083E3,1.19E2,1.222E3,6.358E3,2.725E3,9.14E2,3.08E2,5.519E3,8.39E2],"tree_param":{"num_deleted":"0","num_feature":"14","num_nodes":"13","size_leaf_vector":"1"}},{"base_weights":[-1.2448929E-4,-2.1182436E-2,1.631331E-1,-6.799149E-3,-1.4903585E-2,3.550629E-2,1.4121284E-1,-7.502418E-3,-3.0827688E-3,-3.8138402E-3,1.4124407E-2,-1.2821887E-3,2.9467202E-3],"categories":[],"categories_nodes":[],"categories_segments":[],"categories_sizes":[],"default_left":[0,0,0,0,0,0,0,0,0,0,0,0,0],"id":6,"left_children":[1,3,5,-1,7,-1,9,11,-1,-1,-1,-1,-1],"loss_changes":[3.957144E1,3.1210866E0,5.796261E0,0E0,1.123904E0,0E0,9.251499E-1,1.3555794E0,0E0,0E0,0E0,0E0,0E0],"parents":[2147483647,0,0,1,1,2,2,4,4,6,6,7,7],